じゃがバターベーコン,ホクホクのポテトと旨味が凝縮されたベーコンを特製マヨソースで味わって頂く商品です。バター風味豊かなキューブチーズが食材の味を一層引き立てます。,1490,2570,1.jpg,FALSE
アスパラ・ミート,グリーンアスパラと相性の良いベーコンにいろどりのフレッシュトマトをトッピングし特製マヨソースでまとめた商品です,1490,2570,2.jpg,FALSE
熟成ベーコンとマッシュルーム,マッシュルームと熟成ベーコンにブラックペッパーをトッピングしたシンプルなピザ！,1490,2570,3.jpg,FALSE
カレーじゃがバター,マイルドな味付けのカレーに大きくカットしたポテトをのせた、バターとチーズの風味が食欲をそそるお子様でも楽しめる商品です,1900,2980,4.jpg,FALSE
明太バターチーズ,大きくカットしたポテトにコーンとベーコンをトッピングして、明太クリームソース、バター、チーズを合わせた、家族で楽しめるピザです,1900,2980,5.jpg,FALSE
濃厚Gorgeous4,「厚切イベリコ」、「贅沢フォルマッジ」「ラクラクピザ・シュプリーム」「アボカドシュリンプ」4種類の濃厚な味わいが一つで楽しめるピザです,2700,4050,6.jpg,FALSE
ピザベスト4,"ラクラクピザの人気ピザ""ベスト4""（「アイダホ風ほっくりポテマヨ」、「フレッシュモッツァレラのマルゲリータ」、「特うまプルコギ」",2570,3780,7.jpg,FALSE
Charity4,「デラックス」、「ミート・シュプリーム」、「ツナマイルド」、「ガーリック・トマト」の組み合わせ。「チャリティー4」1枚のご注文につき、世界の飢餓救済に,2160,3380,8.jpg,FALSE
特うまプルコギ,ミートナンバー１！甘辛ダレの焼肉がクセになる！食べると思わず元気が出るラクラクピザの自信作,2700,4050,9.jpg,FALSE
フレッシュモッツァレラ,ピザの王道！トマトとフレッシュモッツァレラが絶妙です,2160,3380,10.jpg,FALSE
Specialミート4,お肉好きの方必見！ラクラクピザ人気のミートシリーズが1枚のピザになって新登場！「厚切イベリコ」「ワイルド・ガーリック」「特うまプルコギ」,2700,4050,11.jpg,FALSE
バラエティー４,「めちゃマヨ・ミート」「ガーリック・トマト」「えびマヨコーン」、「フレッシュモッツァレラのマルゲリータ」が一つになった4種のピザ,2160,3380,12.jpg,FALSE
めちゃマヨミート,あらびきスライスソーセージとイタリアンソーセージの2種類のソーセージを、トマトソースと特製マヨソースの2種類のソースで召し上がって頂く商品です,2160,3380,13.jpg,FALSE
とろけるビーフシチュー,デミグラスソースでじっくり煮込んだ旨味たっぷりのビーフシチューのピザ,2980,4460,14.jpg,FALSE
シーフードミックス,シーフードナンバー１！魚介の旨みたっぷり！人気の海の幸と、野菜のリッチなおいしさ,2700,4050,15.jpg,FALSE
Family４,ラクラクピザ自慢「特うまプルコギ」定番「デラックス」お子様に人気「ツナマイルド」女性に好評「チーズ＆チーズ」の４種のおいしさを贅沢に組み合わせました,2440,3650,16.jpg,FALSE
アイダホ風ほっくりポテマヨ,みんな大好き！ポテトと特製マヨソースの組み合わせ！定番のおいしさを味わえます,2440,3650,17.jpg,FALSE
贅沢フォルマッジ,濃厚なカマンベールソース＆カマンベールと香りとコクのパルメザンチーズをトッピング,2700,4050,18.jpg,FALSE
トマト,赤い野菜です,100,200,tomato.jpg,FALSE
キャベツ,緑の野菜です,100,200,kyabetsu.jpg,FALSE
なす,紫の野菜です,100,200,geeplant.jpg,FALSE
